stage,best_epoch,precision,recall,mAP50,mAP50_95
Stage 1,97.0,0.57756,0.43223,0.4449,0.25279
Stage 2,7.0,0.58217,0.4299,0.45373,0.26176
