name,images,gt_objects,detections,mAP50,mAP50_95,tp,fp,fn,precision_at_conf,recall_at_conf,f1_at_conf
overall,733,1469,26982,0.15152168023114157,0.07530058464358128,210,292,1259,0.41832669322709165,0.14295439074200136,0.21308980213089804
g01_positive_standard,452,1245,12278,0.20197298610121897,0.09734413458384795,176,151,1069,0.5382262996941896,0.14136546184738955,0.22391857506361323
g02_alley_context,42,132,1969,0.2517785303442195,0.12878277264904267,27,35,105,0.43548387096774194,0.20454545454545456,0.27835051546391754
g03_hard_negative,19,0,533,,,0,6,0,0.0,nan,nan
g04_sahi_small_objects,20,92,176,0.10954756946256845,0.057701315992687,7,2,85,0.7777777777777778,0.07608695652173914,0.13861386138613863
g05_ambient_null,200,0,12026,,,0,98,0,0.0,nan,nan
