{
  "config": {
    "model": "runs/final/yolo11x_detect_fire_smoke_l4_finetune/weights/best.pt",
    "dataset": "work/fire_vn_yolo11det_fire_smoke_v2",
    "split": "test",
    "imgsz": 1024,
    "slice_size": 768,
    "overlap": 0.25,
    "include_full_image": true,
    "conf": 0.001,
    "tile_iou": 0.7,
    "merge_iou": 0.55,
    "max_det": 300,
    "tta": false,
    "report_conf": 0.25
  },
  "metrics": [
    {
      "name": "overall",
      "images": 733,
      "gt_objects": 1469,
      "detections": 26982,
      "mAP50": 0.15152168023114157,
      "mAP50_95": 0.07530058464358128,
      "ap_by_iou": {
        "0.50": 0.15152168023114157,
        "0.55": 0.13910517725392735,
        "0.60": 0.12302469711123716,
        "0.65": 0.10071987892952886,
        "0.70": 0.0772421670395254,
        "0.75": 0.06400909833610058,
        "0.80": 0.047590479125628374,
        "0.85": 0.03054207752431088,
        "0.90": 0.01419129374317161,
        "0.95": 0.005059297141240965
      },
      "tp": 210,
      "fp": 292,
      "fn": 1259,
      "precision_at_conf": 0.41832669322709165,
      "recall_at_conf": 0.14295439074200136,
      "f1_at_conf": 0.21308980213089804
    },
    {
      "name": "g01_positive_standard",
      "images": 452,
      "gt_objects": 1245,
      "detections": 12278,
      "mAP50": 0.20197298610121897,
      "mAP50_95": 0.09734413458384795,
      "ap_by_iou": {
        "0.50": 0.20197298610121897,
        "0.55": 0.18405139044222266,
        "0.60": 0.15917054419912915,
        "0.65": 0.1286253233135927,
        "0.70": 0.09764428370364822,
        "0.75": 0.0803898909488822,
        "0.80": 0.05844134330233135,
        "0.85": 0.038402705831397876,
        "0.90": 0.019613295277156453,
        "0.95": 0.005129582718899935
      },
      "tp": 176,
      "fp": 151,
      "fn": 1069,
      "precision_at_conf": 0.5382262996941896,
      "recall_at_conf": 0.14136546184738955,
      "f1_at_conf": 0.22391857506361323
    },
    {
      "name": "g02_alley_context",
      "images": 42,
      "gt_objects": 132,
      "detections": 1969,
      "mAP50": 0.2517785303442195,
      "mAP50_95": 0.12878277264904267,
      "ap_by_iou": {
        "0.50": 0.2517785303442195,
        "0.55": 0.23225474689561543,
        "0.60": 0.21212976540226747,
        "0.65": 0.1777406210577724,
        "0.70": 0.13575720399765684,
        "0.75": 0.11383979149752914,
        "0.80": 0.09643558001533004,
        "0.85": 0.048764238576635276,
        "0.90": 0.01865518801283128,
        "0.95": 0.0004720606905694055
      },
      "tp": 27,
      "fp": 35,
      "fn": 105,
      "precision_at_conf": 0.43548387096774194,
      "recall_at_conf": 0.20454545454545456,
      "f1_at_conf": 0.27835051546391754
    },
    {
      "name": "g03_hard_negative",
      "images": 19,
      "gt_objects": 0,
      "detections": 533,
      "mAP50": null,
      "mAP50_95": null,
      "ap_by_iou": {
        "0.50": null,
        "0.55": null,
        "0.60": null,
        "0.65": null,
        "0.70": null,
        "0.75": null,
        "0.80": null,
        "0.85": null,
        "0.90": null,
        "0.95": null
      },
      "tp": 0,
      "fp": 6,
      "fn": 0,
      "precision_at_conf": 0.0,
      "recall_at_conf": NaN,
      "f1_at_conf": NaN
    },
    {
      "name": "g04_sahi_small_objects",
      "images": 20,
      "gt_objects": 92,
      "detections": 176,
      "mAP50": 0.10954756946256845,
      "mAP50_95": 0.057701315992687,
      "ap_by_iou": {
        "0.50": 0.10954756946256845,
        "0.55": 0.10954756946256845,
        "0.60": 0.09822606140434152,
        "0.65": 0.0938060634059481,
        "0.70": 0.06579588615510723,
        "0.75": 0.05598559887102335,
        "0.80": 0.02910291056821842,
        "0.85": 0.008400840334372946,
        "0.90": 0.0066006602627216,
        "0.95": 0.0
      },
      "tp": 7,
      "fp": 2,
      "fn": 85,
      "precision_at_conf": 0.7777777777777778,
      "recall_at_conf": 0.07608695652173914,
      "f1_at_conf": 0.13861386138613863
    },
    {
      "name": "g05_ambient_null",
      "images": 200,
      "gt_objects": 0,
      "detections": 12026,
      "mAP50": null,
      "mAP50_95": null,
      "ap_by_iou": {
        "0.50": null,
        "0.55": null,
        "0.60": null,
        "0.65": null,
        "0.70": null,
        "0.75": null,
        "0.80": null,
        "0.85": null,
        "0.90": null,
        "0.95": null
      },
      "tp": 0,
      "fp": 98,
      "fn": 0,
      "precision_at_conf": 0.0,
      "recall_at_conf": NaN,
      "f1_at_conf": NaN
    }
  ]
}